level,word,phonetic,pos,meaning,example,example_zh
CET4,ability,ə'bɪləti,n.,能力；才能,She has the ability to solve difficult problems.,她有解决难题的能力。
CET4,abroad,ə'brɔːd,adv.,在国外；到国外,She plans to study abroad next year.,她计划明年出国留学。
CET4,absorb,əb'zɔːb,v.,吸收；使专注,Plants absorb water and nutrients from the soil.,植物从土壤中吸收水分和养分。
CET4,academic,ˌækə'demɪk,adj.,学术的；学业的,His academic performance improved greatly.,他的学业成绩大大提高。
CET4,accept,ək'sept,v.,接受；同意,I am happy to accept your invitation.,我很高兴接受你的邀请。
CET4,accident,'æksɪdənt,n.,事故；意外,He was late because of a traffic accident.,他因为一起交通事故迟到了。
CET4,accompany,ə'kʌmpəni,v.,陪伴；伴随,Children must be accompanied by an adult.,儿童必须有成人陪同。
CET4,account,ə'kaʊnt,n.,账户；描述 v. 解释,Please explain the account of the event.,请说明这次事件的经过。
CET4,accurate,'ækjərət,adj.,准确的；精确的,The report gave an accurate picture of the situation.,这份报告准确地描述了情况。
CET4,achieve,ə'tʃiːv,v.,实现；达到,You can achieve your goal through hard work.,通过努力你可以实现目标。
CET4,acquire,ə'kwaɪə,v.,获得；学到,Children acquire language quickly.,儿童学语言很快。
CET4,adapt,ə'dæpt,v.,适应；改编,It takes time to adapt to a new city.,适应新城市需要时间。
CET4,adjust,ə'dʒʌst,v.,调整；适应,He adjusted the camera before taking the photo.,拍照前他调整了相机。
CET4,admire,əd'maɪə,v.,钦佩；欣赏,I admire her courage and honesty.,我钦佩她的勇气和诚实。
CET4,admit,əd'mɪt,v.,承认；准许进入,He admitted that he had made a mistake.,他承认自己犯了错误。
CET4,adopt,ə'dɒpt,v.,采用；收养,The company adopted a new policy.,公司采用了新政策。
CET4,advance,əd'vɑːns,v./n.,前进；进展；预付,Medical science has advanced greatly.,医学科学取得了很大进步。
CET4,advantage,əd'vɑːntɪdʒ,n.,优势；有利条件,Speaking English gives you an advantage in job interviews.,会说英语让你在求职面试中占优势。
CET4,adventure,əd'ventʃə,n.,冒险；奇遇,Their trip to the mountains was a real adventure.,他们的山区之行是一次真正的冒险。
CET4,affair,ə'feə,n.,事务；事情,The meeting dealt with foreign affairs.,这次会议讨论外交事务。
CET4,afford,ə'fɔːd,v.,负担得起,We cannot afford to waste time.,我们浪费不起时间。
CET4,agency,'eɪdʒənsi,n.,机构；代理处,She works for a travel agency.,她在一家旅行社工作。
CET4,agent,'eɪdʒənt,n.,代理人；经纪人,The real estate agent showed us several houses.,房产经纪人带我们看了几套房子。
CET4,aggressive,ə'ɡresɪv,adj.,好斗的；积极进取的,An aggressive salesperson pushed me to buy.,一位咄咄逼人的销售员催我购买。
CET4,aircraft,'eəkrɑːft,n.,飞机；航空器,The aircraft landed safely in heavy rain.,飞机在大雨中安全着陆。
CET4,alarm,ə'lɑːm,n./v.,警报；使惊慌,The fire alarm went off at midnight.,午夜时分火警响了起来。
CET4,alter,'ɔːltə,v.,改变；改动,The plan has been altered to save time.,为了节省时间，计划做了改动。
CET4,alternative,ɔːl'tɜːnətɪv,n./adj.,替代方案；可供选择的,Walking is a healthy alternative to driving.,步行是开车之外的健康选择。
CET4,amaze,ə'meɪz,v.,使惊奇；使惊叹,Her talent amazed everyone in the room.,她的才华让在场所有人都惊叹。
CET4,ambition,æm'bɪʃən,n.,雄心；抱负,His ambition is to become a doctor.,他的抱负是成为一名医生。
CET4,amount,ə'maʊnt,n.,数量；总额,A large amount of money was spent on the project.,这个项目花了一大笔钱。
CET4,analyze,'ænəlaɪz,v.,分析,Scientists analyzed the data carefully.,科学家们仔细分析了数据。
CET4,ancient,'eɪnʃənt,adj.,古代的；古老的,They visited an ancient temple.,他们参观了一座古庙。
CET4,announce,ə'naʊns,v.,宣布；通告,The teacher announced the exam results.,老师公布了考试成绩。
CET4,annual,'ænjuəl,adj.,每年的；年度的,The annual meeting will be held in May.,年度会议将于五月举行。
CET4,anxious,'æŋkʃəs,adj.,焦虑的；渴望的,She felt anxious before the interview.,面试前她感到焦虑。
CET4,apologize,ə'pɒlədʒaɪz,v.,道歉,He apologized for being late.,他为迟到道歉。
CET4,appear,ə'pɪə,v.,出现；似乎,A rainbow appeared after the rain.,雨后出现了彩虹。
CET4,apply,ə'plaɪ,v.,申请；应用；涂,She applied for a position in the bank.,她申请了银行的一个职位。
CET4,appoint,ə'pɔɪnt,v.,任命；约定,The manager appointed her as team leader.,经理任命她为团队负责人。
CET4,appreciate,ə'priːʃieɪt,v.,感激；欣赏；理解,I really appreciate your help.,我非常感激你的帮助。
CET4,approach,ə'prəʊtʃ,v./n.,接近；方法,We need a new approach to this problem.,我们需要用新方法解决这个问题。
CET4,approve,ə'pruːv,v.,赞成；批准,The committee approved the proposal.,委员会批准了这项提议。
CET4,argue,'ɑːɡjuː,v.,争论；主张,They argued about which movie to watch.,他们争论该看哪部电影。
CET4,arrange,ə'reɪndʒ,v.,安排；整理,I have arranged a meeting for tomorrow.,我已经安排了明天的会议。
CET4,article,'ɑːtɪkl,n.,文章；物品；冠词,She wrote an article about climate change.,她写了一篇关于气候变化的文章。
CET4,artificial,ˌɑːtɪ'fɪʃəl,adj.,人工的；人造的,The lake is artificial.,这个湖是人工湖。
CET4,aspect,'æspekt,n.,方面；外观,Health is an important aspect of life.,健康是生活的重要方面。
CET4,assess,ə'ses,v.,评估；评价,Teachers assess students in many ways.,老师通过多种方式评价学生。
CET4,assign,ə'saɪn,v.,分配；指派,The teacher assigned us a research project.,老师给我们布置了一个研究项目。
CET4,assist,ə'sɪst,v.,帮助；协助,The assistant will assist you with the forms.,助理会协助你填写表格。
CET4,associate,ə'səʊʃieɪt,v./n.,联系；联想；同事,People often associate red with danger.,人们常把红色与危险联系在一起。
CET4,assume,ə'sjuːm,v.,假定；承担,I assume you have finished your homework.,我假定你已经做完作业了。
CET4,athlete,'æθliːt,n.,运动员,The athlete trains every morning.,这名运动员每天早晨训练。
CET4,attach,ə'tætʃ,v.,附上；系上；重视,Please attach the file to your email.,请把文件附在邮件里。
CET4,attend,ə'tend,v.,出席；照料,All students must attend the lecture.,所有学生都必须参加讲座。
CET4,attitude,'ætɪtjuːd,n.,态度；看法,A positive attitude helps you succeed.,积极的态度有助于你成功。
CET4,attract,ə'trækt,v.,吸引,The new museum attracts many visitors.,新博物馆吸引了许多游客。
CET4,audience,'ɔːdiəns,n.,观众；听众,The audience clapped warmly.,观众热烈鼓掌。
CET4,authority,ɔː'θɒrəti,n.,权威；当局；权力,The local authorities closed the old bridge.,地方当局关闭了旧桥。
CET4,available,ə'veɪləbl,adj.,可用的；可获得的,Tickets are available at the door.,门口可以买到票。
CET4,average,'ævərɪdʒ,n./adj.,平均；普通的,The average temperature in July is 30 degrees.,七月平均气温是 30 度。
CET4,avoid,ə'vɔɪd,v.,避免；避开,Avoid making the same mistake again.,避免再犯同样的错误。
CET4,award,ə'wɔːd,n./v.,奖品；授予,She won an award for her research.,她因研究获奖。
CET4,aware,ə'weə,adj.,意识到的；知道的,Are you aware of the risks?,你意识到风险了吗？
CET4,balance,'bæləns,n./v.,平衡；余额；使平衡,Try to keep a balance between study and rest.,尽量保持学习与休息的平衡。
CET4,barrier,'bæriə,n.,障碍；屏障,Language is not a barrier to friendship.,语言不是友谊的障碍。
CET4,basis,'beɪsɪs,n.,基础；根据,We meet on a weekly basis.,我们每周见一次面。
CET4,battery,'bætri,n.,电池,My phone battery is almost empty.,我的手机电池快没电了。
CET4,behavior,bɪ'heɪvjə,n.,行为；举止,His behavior at the party was polite.,他在聚会上的举止很有礼貌。
CET4,benefit,'benɪfɪt,n./v.,益处；使受益,Exercise benefits both body and mind.,锻炼对身心都有益。
CET4,blame,bleɪm,v./n.,责备；归咎于,Don't blame others for your mistakes.,不要把自己的错误归咎于别人。
CET4,board,bɔːd,n./v.,板；董事会；登上,Passengers began to board the plane.,乘客开始登机。
CET4,borrow,'bɒrəʊ,v.,借入,May I borrow your dictionary?,我可以借你的词典吗？
CET4,boundary,'baʊndri,n.,边界；界限,The river forms the boundary between the two villages.,这条河是两个村庄的分界。
CET4,branch,brɑːntʃ,n.,树枝；分支；分行,The bank opened a new branch in the city center.,银行在市中心开了新分行。
CET4,brand,brænd,n.,品牌；商标,Which brand of tea do you prefer?,你更喜欢哪个牌子的茶？
CET4,breathe,briːð,v.,呼吸,Breathe deeply and relax.,深呼吸，放松一下。
CET4,brief,briːf,adj./n.,简短的；摘要,The manager gave a brief introduction.,经理做了简短介绍。
CET4,broadcast,'brɔːdkɑːst,v./n.,广播；播送,The match was broadcast live.,这场比赛进行了现场直播。
CET4,budget,'bʌdʒɪt,n.,预算,We must keep within the budget.,我们必须控制在预算内。
CET4,burden,'bɜːdn,n.,负担；重担,High rent is a heavy burden for students.,高房租对学生来说是沉重的负担。
CET4,calculate,'kælkjuleɪt,v.,计算；估算,The scientist calculated the distance to the moon.,科学家计算了到月球的距离。
CET4,calm,kɑːm,adj./v.,平静的；使平静,Stay calm and think carefully.,保持冷静，仔细思考。
CET4,campaign,kæm'peɪn,n./v.,运动；竞选活动；开展活动,They started a campaign to protect the river.,他们发起了一场保护河流的运动。
CET4,candidate,'kændɪdət,n.,候选人；应试者,There are five candidates for the job.,这份工作有五名候选人。
CET4,capable,'keɪpəbl,adj.,有能力的；能干的,She is capable of finishing the task alone.,她能独立完成这项任务。
CET4,capacity,kə'pæsəti,n.,容量；能力,The hall has a seating capacity of 800.,这座大厅可容纳 800 人。
CET4,capital,'kæpɪtl,n./adj.,首都；资本；大写的,Beijing is the capital of China.,北京是中国的首都。
CET4,career,kə'rɪə,n.,职业；事业,She wants a career in medicine.,她想从事医学职业。
CET4,casual,'kæʒuəl,adj.,随便的；非正式的；偶然的,Wear casual clothes to the picnic.,去野餐穿休闲衣服。
CET4,cause,kɔːz,n./v.,原因；导致,The heavy rain caused the flood.,大雨导致了洪水。
CET4,celebrate,'selɪbreɪt,v.,庆祝,We celebrated her birthday with a cake.,我们吃蛋糕庆祝她的生日。
CET4,central,'sentrəl,adj.,中心的；主要的,The hotel is in a central location.,这家酒店位于中心地段。
CET4,ceremony,'serəməni,n.,典礼；仪式,The graduation ceremony lasted two hours.,毕业典礼持续了两个小时。
CET4,certain,'sɜːtn,adj.,确定的；某些,I am certain that he will come.,我确定他会来。
CET4,challenge,'tʃælɪndʒ,n./v.,挑战,Learning a language is a challenge.,学一门语言是个挑战。
CET4,channel,'tʃænl,n.,频道；渠道；海峡,There is a good movie on this channel.,这个频道在播一部好电影。
CET4,chapter,'tʃæptə,n.,章；回,Read Chapter Three for tomorrow.,明天阅读第三章。
CET4,character,'kærəktə,n.,性格；角色；汉字,She has a strong and honest character.,她性格坚强诚实。
CET4,charge,tʃɑːdʒ,v./n.,收费；充电；指控,The museum charges no admission.,这家博物馆不收门票。
CET4,cheat,tʃiːt,v./n.,欺骗；作弊,It is wrong to cheat in exams.,考试作弊是不对的。
CET4,chemical,'kemɪkl,adj./n.,化学的；化学品,This factory produces chemical products.,这家工厂生产化工产品。
CET4,choice,tʃɔɪs,n.,选择；抉择,You have a choice between tea and coffee.,你可以在茶和咖啡之间选择。
CET4,circumstance,'sɜːkəmstæns,n.,情况；环境,Under no circumstances should you give up.,任何情况下你都不应放弃。
CET4,citizen,'sɪtɪzn,n.,公民；市民,Every citizen has the duty to obey the law.,每个公民都有守法的义务。
CET4,civil,'sɪvl,adj.,公民的；民用的；文明的,The civil service attracts many graduates.,公务员岗位吸引许多毕业生。
CET4,claim,kleɪm,v./n.,声称；索取；索赔,He claimed that he saw the accident.,他声称自己目击了那场事故。
CET4,classify,'klæsɪfaɪ,v.,分类；归类,The books are classified by subject.,这些书按学科分类。
CET4,climate,'klaɪmət,n.,气候；风气,The climate here is mild and wet.,这里气候温和湿润。
CET4,coach,kəʊtʃ,n./v.,教练；长途汽车；指导,The coach taught us a new strategy.,教练教了我们一个新战术。
CET4,collapse,kə'læps,v./n.,倒塌；崩溃,The old wall collapsed in the storm.,旧墙在暴风雨中倒塌了。
CET4,collect,kə'lekt,v.,收集；领取,He collects stamps as a hobby.,他收集邮票作为爱好。
CET4,college,'kɒlɪdʒ,n.,学院；大学,She entered college at the age of eighteen.,她十八岁进入大学。
CET4,combine,kəm'baɪn,v.,结合；联合,Combine business with pleasure.,把工作和娱乐结合起来。
CET4,comfort,'kʌmfət,n./v.,舒适；安慰,Her words comforted me.,她的话安慰了我。
CET4,command,kə'mɑːnd,v./n.,命令；掌握；指挥,She has a good command of English.,她精通英语。
CET4,commercial,kə'mɜːʃl,adj./n.,商业的；广告,The film was a commercial success.,这部电影商业上很成功。
CET4,commit,kə'mɪt,v.,犯（错）；承诺；投入,He committed himself to the project.,他全身心投入了这个项目。
CET4,committee,kə'mɪti,n.,委员会,The committee will meet on Monday.,委员会将在周一开会。
CET4,communicate,kə'mjuːnɪkeɪt,v.,交流；沟通；传达,We communicate by email.,我们通过电子邮件交流。
CET4,community,kə'mjuːnəti,n.,社区；群体,The library serves the whole community.,图书馆为整个社区服务。
CET4,companion,kəm'pæniən,n.,同伴；伴侣,Dogs are faithful companions.,狗是忠实的伙伴。
CET4,compare,kəm'peə,v.,比较；对照,Compare the two answers and choose the better one.,比较两个答案，选择更好的。
CET4,compete,kəm'piːt,v.,竞争；比赛,Hundreds of students competed for the prize.,数百名学生竞争这个奖项。
CET4,complain,kəm'pleɪn,v.,抱怨；投诉,He complained about the noise.,他抱怨噪音太大。
CET4,complete,kəm'pliːt,adj./v.,完整的；完成,Please complete the form in English.,请用英语填完这张表。
CET4,complex,'kɒmpleks,adj./n.,复杂的；综合体,The problem is more complex than it seems.,这个问题比看上去复杂。
CET4,compose,kəm'pəʊz,v.,组成；创作,Water is composed of hydrogen and oxygen.,水由氢和氧组成。
CET4,comprehension,ˌkɒmprɪ'henʃn,n.,理解；理解力,The test includes reading comprehension.,考试包括阅读理解。
CET4,concentrate,'kɒnsntreɪt,v.,集中；专心,Turn off your phone and concentrate on study.,关掉手机，专心学习。
CET4,concept,'kɒnsept,n.,概念；观念,It is hard to explain this concept simply.,很难简单解释这个概念。
CET4,concern,kən'sɜːn,v./n.,涉及；担忧；关心,The news concerns everyone in the city.,这个消息关系到全城每个人。
CET4,conclude,kən'kluːd,v.,得出结论；结束,We concluded that the plan was practical.,我们得出结论，这个计划可行。
CET4,condition,kən'dɪʃn,n.,条件；状况；环境,The car is in good condition.,这辆车状况良好。
CET4,conduct,kən'dʌkt,v./n.,进行；指挥；行为,Scientists conducted an experiment.,科学家们进行了一项实验。
CET4,conference,'kɒnfərəns,n.,会议；研讨会,She is attending a conference in Shanghai.,她正在上海参加会议。
CET4,confidence,'kɒnfɪdəns,n.,信心；信任,Practice will build your confidence.,练习会建立你的信心。
CET4,confirm,kən'fɜːm,v.,确认；证实,Please confirm your booking by email.,请通过电子邮件确认预订。
CET4,conflict,'kɒnflɪkt,n./v.,冲突；矛盾；抵触,The two schedules conflict.,这两个日程安排有冲突。
CET4,confuse,kən'fjuːz,v.,使困惑；混淆,The instructions confused me.,这些说明把我弄糊涂了。
CET4,connect,kə'nekt,v.,连接；联系,This road connects the two towns.,这条路连接两座城镇。
CET4,conscience,'kɒnʃəns,n.,良心；良知,His conscience told him to tell the truth.,他的良心告诉他要说真话。
CET4,consequence,'kɒnsɪkwəns,n.,后果；结果,Smoking has serious health consequences.,吸烟会带来严重的健康后果。
CET4,conservative,kən'sɜːvətɪv,adj.,保守的；守旧的,He has conservative views on fashion.,他对时尚持保守看法。
CET4,consider,kən'sɪdə,v.,考虑；认为,Please consider my suggestion.,请考虑我的建议。
CET4,consist,kən'sɪst,v.,由……组成,The team consists of five members.,这个团队由五名成员组成。
CET4,constant,'kɒnstənt,adj.,持续的；不变的,The machine needs constant care.,这台机器需要持续维护。
CET4,construct,kən'strʌkt,v.,建造；构筑,The bridge was constructed in 1998.,这座桥建于 1998 年。
CET4,consult,kən'sʌlt,v.,咨询；查阅,Consult a doctor if the pain continues.,如果疼痛持续，请咨询医生。
CET4,consume,kən'sjuːm,v.,消耗；消费,Cars consume a lot of fuel.,汽车消耗大量燃料。
CET4,contact,'kɒntækt,n./v.,接触；联系,Keep in contact with your friends.,和朋友保持联系。
CET4,contain,kən'teɪn,v.,包含；容纳,This box contains old photos.,这个盒子里装着旧照片。
CET4,content,'kɒntent,n./adj.,内容；满意的,The content of the book is interesting.,这本书的内容很有趣。
CET4,context,'kɒntekst,n.,上下文；背景,Guess the meaning of the word from the context.,根据上下文猜这个词的意思。
CET4,contract,'kɒntrækt,n./v.,合同；收缩,Both parties signed the contract.,双方签署了合同。
CET4,contrast,'kɒntrɑːst,n./v.,对比；反差,The contrast between the two photos is clear.,两张照片的对比很明显。
CET4,contribute,kən'trɪbjuːt,v.,贡献；捐助；促成,Everyone can contribute to the discussion.,每个人都可以为讨论做出贡献。
CET4,control,kən'trəʊl,v./n.,控制；管理,The pilot controlled the plane safely.,飞行员安全地操控飞机。
CET4,convenient,kən'viːniənt,adj.,方便的；便利的,Online shopping is very convenient.,网上购物非常方便。
CET4,convey,kən'veɪ,v.,传达；运送,Words cannot convey my thanks.,言语无法表达我的感谢。
CET4,convince,kən'vɪns,v.,使确信；说服,He convinced me to join the club.,他说服我加入了俱乐部。
CET4,cooperate,kəʊ'ɒpəreɪt,v.,合作；配合,The two schools cooperate on research.,两所学校在研究方面合作。
CET4,cope,kəʊp,v.,应对；处理,She knows how to cope with stress.,她知道如何应对压力。
CET4,core,kɔː,n./adj.,核心；中心；核心的,Honesty is the core of friendship.,诚实是友谊的核心。
CET4,corporate,'kɔːpərət,adj.,公司的；企业的,He works in corporate finance.,他在企业财务部门工作。
CET4,correct,kə'rekt,adj./v.,正确的；改正,Please correct the spelling errors.,请改正拼写错误。
CET4,correspond,ˌkɒrə'spɒnd,v.,相符；通信,His actions do not correspond with his words.,他言行不一。
CET4,cost,kɒst,n./v.,成本；花费,The cost of living keeps rising.,生活成本不断上涨。
CET4,council,'kaʊnsl,n.,委员会；理事会,The city council approved the plan.,市议会批准了该计划。
CET4,count,kaʊnt,v./n.,数；计算；重要,Every minute counts before the exam.,考试前每一分钟都很重要。
CET4,courage,'kʌrɪdʒ,n.,勇气；胆量,It takes courage to admit mistakes.,承认错误需要勇气。
CET4,course,kɔːs,n.,课程；过程；路线,She took a course in public speaking.,她上了一门公众演讲课。
CET4,cover,'kʌvə,v./n.,覆盖；包括；封面,Snow covered the whole village.,雪覆盖了整个村庄。
CET4,crash,kræʃ,v./n.,碰撞；坠毁；崩溃,The two cars crashed at the crossing.,两辆车在路口相撞。
CET4,create,kri'eɪt,v.,创造；创作,Good teachers create a lively classroom.,好老师创造活跃的课堂。
CET4,creative,kri'eɪtɪv,adj.,有创造力的,Children are naturally creative.,孩子天生富有创造力。
CET4,crime,kraɪm,n.,罪行；犯罪,The police are fighting against crime.,警方正在打击犯罪。
CET4,crisis,'kraɪsɪs,n.,危机；关键时刻,The company survived the financial crisis.,公司挺过了金融危机。
CET4,criterion,kraɪ'tɪəriən,n.,标准；准则,Price is only one criterion for choice.,价格只是选择的标准之一。
CET4,critical,'krɪtɪkl,adj.,关键的；批评的；危急的,This is a critical moment in the project.,这是项目的关键时刻。
CET4,criticize,'krɪtɪsaɪz,v.,批评；指责,Don't criticize others without reason.,不要无端批评别人。
CET4,culture,'kʌltʃə,n.,文化；教养,Travel helps you understand other cultures.,旅行帮助你了解其他文化。
CET4,curious,'kjʊəriəs,adj.,好奇的,The child is curious about everything.,这个孩子对一切都好奇。
CET4,current,'kʌrənt,adj./n.,当前的；水流；电流,What is your current address?,你现在的地址是什么？
CET4,curve,kɜːv,n./v.,曲线；转弯；弯曲,The road curves to the left.,这条路向左转弯。
CET4,custom,'kʌstəm,n.,风俗；习惯,It is a local custom to eat dumplings in winter.,冬天吃饺子是当地习俗。
CET4,cycle,'saɪkl,n.,循环；周期；自行车,The seasons follow a natural cycle.,四季遵循自然循环。
CET4,daily,'deɪli,adj./adv.,每日的；每天,Exercise should be part of your daily routine.,锻炼应成为你日常生活的一部分。
CET4,damage,'dæmɪdʒ,v./n.,损害；损坏,The storm damaged many houses.,暴风雨毁坏了许多房屋。
CET4,deadline,'dedlaɪn,n.,截止日期；最后期限,The deadline for the essay is Friday.,论文截止日期是周五。
CET4,debate,dɪ'beɪt,n./v.,辩论；讨论,The class held a debate on the topic.,班级就此话题举行了一场辩论。
CET4,decade,'dekeɪd,n.,十年,The city has changed greatly in the past decade.,过去十年这座城市变化很大。
CET4,declare,dɪ'kleə,v.,宣布；声明；申报,The government declared a public holiday.,政府宣布了一个公共假日。
CET4,decline,dɪ'klaɪn,v./n.,下降；衰退；婉拒,Sales declined sharply last month.,上个月销售额急剧下降。
CET4,decorate,'dekəreɪt,v.,装饰；装修,They decorated the room with balloons.,他们用气球装饰房间。
CET4,defeat,dɪ'fiːt,v./n.,击败；失败,Our team defeated the opponent 3-0.,我们队以 3 比 0 击败对手。
CET4,defend,dɪ'fend,v.,保卫；辩护,Soldiers defend their country.,士兵保卫自己的国家。
CET4,define,dɪ'faɪn,v.,定义；界定,Can you define this term?,你能定义这个术语吗？
CET4,degree,dɪ'ɡriː,n.,程度；学位；度数,She has a degree in economics.,她拥有经济学学位。
CET4,delay,dɪ'leɪ,v./n.,推迟；耽搁,The flight was delayed by fog.,航班因大雾延误。
CET4,deliver,dɪ'lɪvə,v.,递送；发表；交付,The postman delivers mail every morning.,邮递员每天早晨送信。
CET4,demand,dɪ'mɑːnd,v./n.,要求；需求,The job demands patience.,这份工作需要耐心。
CET4,demonstrate,'demənstreɪt,v.,证明；演示；示威,The teacher demonstrated the experiment.,老师演示了实验。
CET4,dense,dens,adj.,密集的；浓厚的,The city center is dense with buildings.,市中心建筑密集。
CET4,deny,dɪ'naɪ,v.,否认；拒绝,He denied breaking the window.,他否认打破了窗户。
CET4,depart,dɪ'pɑːt,v.,离开；出发,The train departs at six.,火车六点出发。
CET4,depend,dɪ'pend,v.,依靠；取决于,Success depends on your effort.,成功取决于你的努力。
CET4,deposit,dɪ'pɒzɪt,v./n.,存放；存款；押金,You need to pay a deposit to rent the bike.,租自行车需要付押金。
CET4,depress,dɪ'pres,v.,使沮丧；使萧条,Rainy days depress some people.,雨天让一些人情绪低落。
CET4,describe,dɪ'skraɪb,v.,描述；形容,Can you describe the man you saw?,你能描述一下你看到的那个人吗？
CET4,deserve,dɪ'zɜːv,v.,应得；值得,You deserve a rest after hard work.,辛苦工作后你该休息一下。
CET4,design,dɪ'zaɪn,v./n.,设计；构思；图案,She designed the poster herself.,她亲自设计了海报。
CET4,desire,dɪ'zaɪə,n./v.,渴望；愿望,He has a strong desire to learn.,他有强烈的学习愿望。
CET4,despite,dɪ'spaɪt,prep.,尽管,"Despite the rain, they went hiking.",尽管下雨，他们还是去远足了。
CET4,destroy,dɪ'strɔɪ,v.,破坏；毁灭,The fire destroyed the old library.,大火烧毁了旧图书馆。
CET4,detail,'diːteɪl,n.,细节；详情,Please give me more details about the plan.,请告诉我计划的更多细节。
CET4,detect,dɪ'tekt,v.,察觉；发现；探测,The test can detect the virus early.,这项检测可以早期发现病毒。
CET4,determine,dɪ'tɜːmɪn,v.,决定；确定,Your attitude determines your progress.,你的态度决定你的进步。
CET4,develop,dɪ'veləp,v.,发展；开发；培养,Reading develops your thinking ability.,阅读培养你的思维能力。
CET4,device,dɪ'vaɪs,n.,设备；装置,This device measures air pressure.,这个装置测量气压。
CET4,devote,dɪ'vəʊt,v.,献身；致力于,She devoted herself to teaching.,她献身于教育事业。
CET4,differ,'dɪfə,v.,不同；相异,Tastes differ from person to person.,每个人口味不同。
CET4,digital,'dɪdʒɪtl,adj.,数字的；数码的,Digital books are easy to carry.,电子书携带方便。
CET4,direction,də'rekʃn,n.,方向；指导；说明,The map shows the direction of the wind.,地图显示了风向。
CET4,disappear,ˌdɪsə'pɪə,v.,消失；不见,The sun disappeared behind the clouds.,太阳消失在云层后面。
CET4,disappoint,ˌdɪsə'pɔɪnt,v.,使失望,The result disappointed the whole team.,结果让整个团队失望。
CET4,discover,dɪ'skʌvə,v.,发现；发觉,Scientists discovered a new planet.,科学家发现了一颗新行星。
CET4,discuss,dɪ'skʌs,v.,讨论；商量,Let's discuss the plan together.,我们一起讨论这个计划吧。
CET4,disease,dɪ'ziːz,n.,疾病,Exercise helps prevent disease.,锻炼有助于预防疾病。
CET4,display,dɪ'spleɪ,v./n.,展示；陈列；显示器,The shop displays the new phones.,商店展示了新款手机。
CET4,distance,'dɪstəns,n.,距离；远方,The school is within walking distance.,学校在步行可达的距离内。
CET4,distinct,dɪ'stɪŋkt,adj.,清晰的；明显的；不同的,The two plants are quite distinct.,这两种植物差别明显。
CET4,distribute,dɪ'strɪbjuːt,v.,分发；分配；分布,Volunteers distributed food to the homeless.,志愿者向无家可归者分发食物。
CET4,district,'dɪstrɪkt,n.,地区；行政区,They live in a quiet district of the city.,他们住在城市一个安静的街区。
CET4,disturb,dɪ'stɜːb,v.,打扰；扰乱,Please do not disturb while I study.,我学习时请不要打扰。
CET4,divide,dɪ'vaɪd,v.,分开；分配；除,The teacher divided the class into four groups.,老师把全班分成四组。
CET4,document,'dɒkjumənt,n.,文件；文档,Sign the document before you leave.,离开前签署这份文件。
CET4,domestic,də'mestɪk,adj.,国内的；家庭的；驯养的,Domestic flights are cheaper this month.,本月国内航班更便宜。
CET4,donate,dəʊ'neɪt,v.,捐赠；捐献,He donated blood twice a year.,他每年献血两次。
CET4,double,'dʌbl,adj./v.,两倍的；加倍,The price has doubled in five years.,五年里价格翻了一番。
CET4,doubt,daʊt,n./v.,怀疑；疑问,There is no doubt that she will win.,毫无疑问她会赢。
CET4,draft,drɑːft,n./v.,草稿；起草,Write a draft before the final essay.,写定稿前先写个草稿。
CET4,drag,dræɡ,v.,拖；拉；拖动,He dragged the heavy box across the floor.,他拖着沉重的箱子穿过地板。
CET4,dramatic,drə'mætɪk,adj.,戏剧性的；巨大的；急剧的,There was a dramatic change in the weather.,天气发生了急剧变化。
CET4,draw,drɔː,v.,画；拉；吸引；得出,She drew a picture of the sunset.,她画了一幅日落图。
CET4,drop,drɒp,v./n.,掉落；下降；滴,The temperature dropped below zero.,气温降到了零度以下。
CET4,due,djuː,adj.,到期的；应有的；由于,The rent is due on the first day of the month.,房租每月一号到期。
CET4,duty,'djuːti,n.,责任；义务；职责,It is our duty to protect the environment.,保护环境是我们的责任。
CET4,dynamic,daɪ'næmɪk,adj.,有活力的；动态的,She is a dynamic and creative leader.,她是一位充满活力和创造力的领导者。
CET4,eager,'iːɡə,adj.,渴望的；热切的,The students are eager to learn new words.,学生们渴望学习新单词。
CET4,earn,ɜːn,v.,赚得；赢得,He earns money by teaching English.,他靠教英语赚钱。
CET4,economic,ˌiːkə'nɒmɪk,adj.,经济的；经济学的,The country faces economic growth this year.,今年该国经济将实现增长。
CET4,economy,ɪ'kɒnəmi,n.,经济；节约,Tourism is important to the local economy.,旅游业对当地经济很重要。
CET4,edition,ɪ'dɪʃn,n.,版本；版次,This is the latest edition of the dictionary.,这是词典的最新版本。
CET4,educate,'edjukeɪt,v.,教育；培养,Parents educate their children at home and school.,父母在家和学校共同教育孩子。
CET4,effect,ɪ'fekt,n.,效果；影响,The medicine had a quick effect.,这药很快见效。
CET4,efficient,ɪ'fɪʃnt,adj.,高效的；效率高的,Email is an efficient way to communicate.,电子邮件是高效的沟通方式。
CET4,effort,'efət,n.,努力；尝试,Learning takes time and effort.,学习需要时间和努力。
CET4,elect,ɪ'lekt,v.,选举；推选,The class elected her as monitor.,全班选她当班长。
CET4,electric,ɪ'lektrɪk,adj.,电的；用电的,Electric cars are becoming popular.,电动汽车越来越受欢迎。
CET4,element,'elɪmənt,n.,元素；要素；成分,Trust is a key element of friendship.,信任是友谊的关键要素。
CET4,embarrass,ɪm'bærəs,v.,使尴尬；使难堪,The question embarrassed me.,这个问题让我很尴尬。
CET4,emerge,ɪ'mɜːdʒ,v.,出现；浮现,New problems emerged during the project.,项目期间出现了新问题。
CET4,emergency,ɪ'mɜːdʒənsi,n.,紧急情况；突发事件,Call 120 in an emergency.,紧急情况下请拨打 120。
CET4,emotion,ɪ'məʊʃn,n.,情感；情绪,She spoke with deep emotion.,她带着深厚的感情说话。
CET4,employ,ɪm'plɔɪ,v.,雇用；使用,The factory employs 500 workers.,这家工厂雇用了 500 名工人。
CET4,enable,ɪ'neɪbl,v.,使能够；使可能,The scholarship enabled her to study abroad.,奖学金使她能够出国留学。
CET4,encounter,ɪn'kaʊntə,v./n.,遭遇；邂逅,We encountered many difficulties on the way.,途中我们遇到许多困难。
CET4,encourage,ɪn'kʌrɪdʒ,v.,鼓励；支持,My teacher encouraged me to speak English.,老师鼓励我说英语。
CET4,endure,ɪn'djʊə,v.,忍受；持续,They endured the long journey patiently.,他们耐心地忍受了漫长的旅程。
CET4,energy,'enədʒi,n.,能量；精力,Solar energy is clean and renewable.,太阳能清洁可再生。
CET4,engage,ɪn'ɡeɪdʒ,v.,从事；吸引；订婚,She engaged in volunteer work.,她从事志愿工作。
CET4,engine,'endʒɪn,n.,发动机；引擎,The engine makes a strange noise.,发动机发出奇怪的噪音。
CET4,enormous,ɪ'nɔːməs,adj.,巨大的；庞大的,The project required an enormous amount of money.,这个项目需要巨额资金。
CET4,ensure,ɪn'ʃʊə,v.,确保；保证,Please ensure that all windows are closed.,请确保所有窗户都关好。
CET4,enterprise,'entəpraɪz,n.,企业；事业；进取心,Small enterprises create many jobs.,小企业创造了许多就业机会。
CET4,entertain,ˌentə'teɪn,v.,娱乐；招待,The clown entertained the children.,小丑逗孩子们开心。
CET4,enthusiasm,ɪn'θjuːziæzəm,n.,热情；热忱,She showed great enthusiasm for music.,她对音乐表现出极大的热情。
CET4,entire,ɪn'taɪə,adj.,全部的；整个的,He spent the entire day reading.,他花了一整天读书。
CET4,environment,ɪn'vaɪrənmənt,n.,环境,We should protect the environment.,我们应该保护环境。
CET4,equal,'iːkwəl,adj./v.,相等的；等于,Everyone deserves equal opportunities.,每个人都应享有平等的机会。
CET4,equipment,ɪ'kwɪpmənt,n.,设备；装备,The lab is full of modern equipment.,实验室里都是现代化设备。
CET4,error,'erə,n.,错误；差错,The report contains several spelling errors.,报告里有几个拼写错误。
CET4,escape,ɪ'skeɪp,v./n.,逃跑；逃避,The bird escaped from the cage.,鸟从笼子里逃走了。
CET4,essential,ɪ'senʃl,adj.,必不可少的；本质的,Water is essential for life.,水对生命必不可少。
CET4,establish,ɪ'stæblɪʃ,v.,建立；设立,The school was established in 1920.,这所学校创办于 1920 年。
CET4,estimate,'estɪmeɪt,v./n.,估计；估算,We estimate the journey will take two hours.,我们估计旅程需要两小时。
CET4,evaluate,ɪ'væljueɪt,v.,评估；评价,Teachers evaluate students' progress monthly.,老师每月评估学生进步。
CET4,event,ɪ'vent,n.,事件；活动,The school holds a sports event every year.,学校每年举办一次运动会。
CET4,evidence,'evɪdəns,n.,证据；迹象,There is no evidence that he was there.,没有证据表明他在那里。
CET4,exact,ɪɡ'zækt,adj.,确切的；精确的,What is the exact time of the meeting?,会议的确切时间是几点？
CET4,examine,ɪɡ'zæmɪn,v.,检查；考试；审查,The doctor examined the patient carefully.,医生仔细检查了病人。
CET4,example,ɪɡ'zɑːmpl,n.,例子；榜样,This is a good example of teamwork.,这是团队合作的好例子。
CET4,exceed,ɪk'siːd,v.,超过；超出,Do not exceed the speed limit.,不要超速行驶。
CET4,except,ɪk'sept,prep.,除……之外,Everyone came except Tom.,除汤姆外大家都来了。
CET4,exchange,ɪks'tʃeɪndʒ,v./n.,交换；交流；兑换,We exchanged gifts at the party.,我们在聚会上交换了礼物。
CET4,excite,ɪk'saɪt,v.,使兴奋；使激动,The good news excited everyone.,好消息让大家很兴奋。
CET4,exercise,'eksəsaɪz,n./v.,锻炼；练习；运用,Daily exercise keeps you healthy.,每天锻炼使你健康。
CET4,exist,ɪɡ'zɪst,v.,存在；生存,Life cannot exist without water.,没有水生命就无法存在。
CET4,expect,ɪk'spekt,v.,期待；预料,We expect to finish the work by Friday.,我们预计周五前完成工作。
CET4,expense,ɪk'spens,n.,费用；花费,Living expenses in big cities are high.,大城市的生活费用很高。
CET4,experience,ɪk'spɪəriəns,n./v.,经验；经历；体验,She has rich experience in teaching.,她有丰富的教学经验。
CET4,experiment,ɪk'sperɪmənt,n./v.,实验；试验,The students did an experiment in chemistry class.,学生们在化学课上做了实验。
CET4,expert,'ekspɜːt,n./adj.,专家；熟练的,He is an expert in computer science.,他是计算机科学专家。
CET4,explain,ɪk'spleɪn,v.,解释；说明,Please explain the word in English.,请用英语解释这个词。
CET4,explore,ɪk'splɔː,v.,探索；探险；探究,We explored the old town on foot.,我们步行游览了老城区。
CET4,express,ɪk'spres,v./adj.,表达；特快的,She expressed her thanks to everyone.,她向每个人表达了感谢。
CET4,extend,ɪk'stend,v.,延伸；扩大；延长,They extended the road to the coast.,他们把路延伸到海边。
CET4,extra,'ekstrə,adj./n.,额外的；附加的,Can you make an extra copy?,你能多复印一份吗？
CET4,extreme,ɪk'striːm,adj./n.,极端的；极大的,The weather was extreme this summer.,今年夏天天气极端。
CET4,facility,fə'sɪləti,n.,设施；设备,The hotel has excellent sports facilities.,这家酒店有极好的运动设施。
CET4,factor,'fæktə,n.,因素；要素,Hard work is an important factor in success.,努力是成功的重要因素。
CET4,failure,'feɪljə,n.,失败；故障,Failure is the mother of success.,失败是成功之母。
CET4,familiar,fə'mɪliə,adj.,熟悉的,This song sounds familiar to me.,这首歌我听起来很熟悉。
CET4,fancy,'fænsi,adj./v.,花哨的；想要；想象,I fancy a cup of coffee.,我想来杯咖啡。
CET4,fashion,'fæʃn,n.,时尚；时装；方式,Fashion changes quickly.,时尚变化很快。
CET4,fault,fɔːlt,n.,过错；缺点；故障,It is not my fault that the train was late.,火车晚点不是我的错。
CET4,favor,'feɪvə,n./v.,恩惠；赞成；偏爱,Could you do me a favor?,你能帮我个忙吗？
CET4,feature,'fiːtʃə,n.,特征；特色；专题节目,The phone has many new features.,这款手机有很多新功能。
CET4,federal,'fedərəl,adj.,联邦的；联邦制的,Federal law protects workers' rights.,联邦法律保护工人权利。
CET4,fee,fiː,n.,费用；服务费,The entrance fee is twenty yuan.,门票是二十元。
CET4,figure,'fɪɡə,n./v.,数字；人物；身材；认为,The exact figure is not known.,确切数字还不知道。
CET4,finance,'faɪnæns,n./v.,财政；金融；为……提供资金,She works in international finance.,她在国际金融领域工作。
CET4,firm,fɜːm,n./adj.,公司；牢固的；坚定的,He runs a small law firm.,他经营一家小型律师事务所。
CET4,fix,fɪks,v.,修理；固定；确定,Can you fix the broken chair?,你能修好这把坏椅子吗？
CET4,flat,flæt,n./adj.,公寓；平的；平淡的,They rent a flat near the campus.,他们在校园附近租了一套公寓。
CET4,flight,flaɪt,n.,航班；飞行；楼梯的一段,The flight to Beijing takes two hours.,飞往北京的航班需要两小时。
CET4,focus,'fəʊkəs,v./n.,集中；焦点；重点,Focus on your own goals.,专注于你自己的目标。
CET4,force,fɔːs,v./n.,强迫；力量；军队,Nobody can force you to do it.,没人能强迫你做这件事。
CET4,foreign,'fɒrən,adj.,外国的；外来的,She can speak two foreign languages.,她会说两门外语。
CET4,forget,fə'ɡet,v.,忘记,Don't forget to lock the door.,别忘了锁门。
CET4,formal,'fɔːml,adj.,正式的；正规的,Business letters use formal language.,商务信函使用正式语言。
CET4,former,'fɔːmə,adj.,以前的；前任的,The former president wrote a book.,前总统写了一本书。
CET4,fortune,'fɔːtʃuːn,n.,财富；运气,He made a fortune in business.,他经商发了财。
CET4,forward,'fɔːwəd,adv./adj.,向前；向前方的,She stepped forward to ask a question.,她向前一步提问。
CET4,freeze,friːz,v.,结冰；冻结；愣住,The lake freezes in winter.,冬天湖面结冰。
CET4,frequent,'friːkwənt,adj.,频繁的；经常的,He makes frequent visits to his hometown.,他经常回老家。
CET4,frighten,'fraɪtn,v.,使害怕；使惊恐,The loud noise frightened the baby.,巨响吓到了婴儿。
CET4,further,'fɜːðə,adj./adv.,更远的；进一步,We need further discussion.,我们需要进一步讨论。
CET4,gain,ɡeɪn,v./n.,获得；增加；收益,She gained confidence through practice.,她通过练习获得了信心。
CET4,gather,'ɡæðə,v.,聚集；收集；推断,A crowd gathered around the singer.,一群人围在歌手周围。
CET4,general,'dʒenərəl,adj./n.,普遍的；总的；将军,The general idea is clear to everyone.,总体思路大家都清楚。
CET4,generate,'dʒenəreɪt,v.,产生；引起,Wind can generate electricity.,风可以发电。
CET4,generous,'dʒenərəs,adj.,慷慨的；大方的,She is generous with her time.,她在时间上很慷慨。
CET4,genius,'dʒiːniəs,n.,天才；天赋,He is a genius at solving puzzles.,他是解谜天才。
CET4,gentle,'dʒentl,adj.,温柔的；轻柔的,She spoke in a gentle voice.,她用温柔的声音说话。
CET4,genuine,'dʒenjuɪn,adj.,真正的；真诚的,The painting is a genuine masterpiece.,这幅画是真正的杰作。
CET4,global,'ɡləʊbl,adj.,全球的；总体的,Climate change is a global problem.,气候变化是全球性问题。
CET4,goal,ɡəʊl,n.,目标；球门；进球,Set a clear goal before you start.,开始前先设定明确目标。
CET4,govern,'ɡʌvn,v.,统治；管理；支配,Laws govern our daily life.,法律规范着我们的日常生活。
CET4,grade,ɡreɪd,n./v.,年级；分数；评分,She got a good grade in math.,她数学得了好成绩。
CET4,graduate,'ɡrædʒuət,v./n.,毕业；毕业生,He graduated from Peking University.,他毕业于北京大学。
CET4,grant,ɡrɑːnt,v./n.,授予；同意；助学金,The university granted her a scholarship.,大学授予她奖学金。
CET4,grateful,'ɡreɪtfl,adj.,感激的；感谢的,I am grateful for your advice.,我感激你的建议。
CET4,guarantee,ˌɡærən'tiː,v./n.,保证；担保,Good service does not guarantee success.,好服务不一定保证成功。
CET4,guard,ɡɑːd,n./v.,守卫；警卫；保护,The dog guards the house at night.,狗在夜里看家。
CET4,guide,ɡaɪd,n./v.,导游；指南；引导,The guide showed us around the museum.,导游带我们参观了博物馆。
CET4,guilty,'ɡɪlti,adj.,内疚的；有罪的,He felt guilty about telling a lie.,他因说谎而感到内疚。
CET4,habit,'hæbɪt,n.,习惯,Reading is a good habit.,阅读是个好习惯。
CET4,handle,'hændl,v./n.,处理；操作；把手,She can handle the problem herself.,她能自己处理这个问题。
CET4,happen,'hæpən,v.,发生；碰巧,What happened to your leg?,你的腿怎么了？
CET4,harm,hɑːm,v./n.,伤害；损害,Too much sugar harms your teeth.,糖吃多了伤牙齿。
CET4,harvest,'hɑːvɪst,n./v.,收获；收割,Farmers harvest rice in autumn.,农民在秋天收割水稻。
CET4,healthy,'helθi,adj.,健康的；有益健康的,Fruit and vegetables keep you healthy.,水果和蔬菜让你保持健康。
CET4,heavy,'hevi,adj.,重的；大量的；繁忙的,The traffic was heavy this morning.,今天早晨交通拥堵。
CET4,height,haɪt,n.,高度；身高,The height of the tower is 200 meters.,这座塔高 200 米。
CET4,hesitate,'hezɪteɪt,v.,犹豫；踌躇,Don't hesitate to ask questions.,有问题尽管问，别犹豫。
CET4,honest,'ɒnɪst,adj.,诚实的；正直的,An honest person wins trust.,诚实的人赢得信任。
CET4,honor,'ɒnə,n./v.,荣誉；尊敬；给……荣誉,It is an honor to meet you.,见到你是一种荣幸。
CET4,hook,hʊk,n./v.,钩；钩住,Hang your coat on the hook.,把外套挂在钩子上。
CET4,horizon,hə'raɪzn,n.,地平线；眼界,The sun rose above the horizon.,太阳升出地平线。
CET4,host,həʊst,n./v.,主人；主办；主持,China hosted the Olympic Games.,中国主办了奥运会。
CET4,household,'haʊshəʊld,n./adj.,家庭；家用的,The household uses electricity carefully.,这家人节约用电。
CET4,humor,'hjuːmə,n.,幽默；风趣,His humor made everyone laugh.,他的幽默让大家都笑了。
CET4,identify,aɪ'dentɪfaɪ,v.,识别；确认；认同,Can you identify the man in the photo?,你能认出照片里的人吗？
CET4,ignore,ɪɡ'nɔː,v.,忽视；不理会,Never ignore your parents' advice.,永远不要忽视父母的建议。
CET4,illustrate,'ɪləstreɪt,v.,说明；阐明；给……加插图,The chart illustrates the change clearly.,图表清楚地说明了变化。
CET4,imagine,ɪ'mædʒɪn,v.,想象；设想,Imagine a world without music.,想象一个没有音乐的世界。
CET4,immediate,ɪ'miːdiət,adj.,立即的；直接的；邻近的,We need immediate action.,我们需要立即行动。
CET4,impact,'ɪmpækt,n./v.,影响；冲击,The internet has a huge impact on education.,互联网对教育影响巨大。
CET4,import,ɪm'pɔːt,v./n.,进口；输入,The country imports oil from abroad.,这个国家从国外进口石油。
CET4,impress,ɪm'pres,v.,给……留下深刻印象,Her speech impressed the audience.,她的演讲给观众留下深刻印象。
CET4,improve,ɪm'pruːv,v.,改进；改善；提高,Practice can improve your English.,练习能提高你的英语水平。
CET4,include,ɪn'kluːd,v.,包括；包含,The price includes breakfast.,价格包含早餐。
CET4,income,'ɪnkʌm,n.,收入；所得,"Her monthly income is about 8,000 yuan.",她每月收入约八千元。
CET4,increase,ɪn'kriːs,v./n.,增加；增长,The population continues to increase.,人口持续增长。
CET4,independent,ˌɪndɪ'pendənt,adj.,独立的；自主的,She is an independent young woman.,她是个独立的年轻女性。
CET4,individual,ˌɪndɪ'vɪdʒuəl,n./adj.,个人；单独的,Each individual has unique talents.,每个人都有独特的天赋。
CET4,industry,'ɪndəstri,n.,工业；行业；勤奋,The car industry creates many jobs.,汽车工业创造了许多就业机会。
CET4,influence,'ɪnfluəns,n./v.,影响；感化,Parents influence their children deeply.,父母深深影响孩子。
CET4,inform,ɪn'fɔːm,v.,通知；告知,Please inform me of any changes.,如有变化请通知我。
CET4,initial,ɪ'nɪʃl,adj.,最初的；初始的,My initial reaction was surprise.,我最初的反应是惊讶。
CET4,injure,'ɪndʒə,v.,伤害；损害,He injured his knee while playing football.,他踢足球时伤了膝盖。
CET4,innocent,'ɪnəsnt,adj.,无辜的；天真的,The court found him innocent.,法庭判定他无罪。
CET4,inspect,ɪn'spekt,v.,检查；视察,Officials inspected the factory for safety.,官员检查了工厂的安全情况。
CET4,inspire,ɪn'spaɪə,v.,鼓舞；激励；启发,Her story inspired many young people.,她的故事鼓舞了许多年轻人。
CET4,install,ɪn'stɔːl,v.,安装；任命,Please install the software on my computer.,请在我的电脑上安装这个软件。
CET4,instance,'ɪnstəns,n.,例子；实例,"For instance, he often runs in the park.",例如，他经常在公园跑步。
CET4,instant,'ɪnstənt,adj./n.,立即的；速食的；瞬间,The machine gives instant results.,这台机器能立即给出结果。
CET4,instead,ɪn'sted,adv.,代替；反而,Why not walk instead of driving?,为什么不开车而步行呢？
CET4,institute,'ɪnstɪtjuːt,n.,学院；研究所,She works at a research institute.,她在一家研究所工作。
CET4,instruct,ɪn'strʌkt,v.,指导；指示；教授,The coach instructed us to run faster.,教练指导我们跑得更快。
CET4,instrument,'ɪnstrəmənt,n.,乐器；仪器；工具,The piano is my favorite instrument.,钢琴是我最喜欢的乐器。
CET4,insurance,ɪn'ʃʊərəns,n.,保险；保险费,Health insurance is important.,健康保险很重要。
CET4,intelligence,ɪn'telɪdʒəns,n.,智力；情报；智能,The test measures general intelligence.,这项测试测量一般智力。
CET4,intend,ɪn'tend,v.,打算；意图,I intend to finish the book this week.,我打算这周读完这本书。
CET4,interest,'ɪntrəst,n./v.,兴趣；利息；使感兴趣,She takes a great interest in science.,她对科学很感兴趣。
CET4,interpret,ɪn'tɜːprɪt,v.,解释；口译；理解,How do you interpret this sentence?,你如何理解这个句子？
CET4,interrupt,ˌɪntə'rʌpt,v.,打断；中断,Don't interrupt me while I'm speaking.,我说话时请不要插嘴。
CET4,interval,'ɪntəvl,n.,间隔；休息时间,There is a ten-minute interval between classes.,课间有十分钟休息。
CET4,interview,'ɪntəvjuː,n./v.,面试；采访,She has a job interview tomorrow.,她明天有求职面试。
CET4,introduce,ˌɪntrə'djuːs,v.,介绍；引进；推行,Let me introduce my friend to you.,让我把我的朋友介绍给你。
CET4,invent,ɪn'vent,v.,发明；虚构,Who invented the telephone?,谁发明了电话？
CET4,invest,ɪn'vest,v.,投资；投入,He invested in a small restaurant.,他投资了一家小餐馆。
CET4,investigate,ɪn'vestɪɡeɪt,v.,调查；研究,The police are investigating the accident.,警方正在调查这起事故。
CET4,involve,ɪn'vɒlv,v.,涉及；包含；使参与,The project involves a lot of teamwork.,这个项目需要大量团队合作。
CET4,issue,'ɪʃuː,n./v.,问题；议题；发布,Climate is a global issue.,气候是全球议题。
CET4,item,'aɪtəm,n.,项目；一件物品,The first item on the list is milk.,清单上第一项是牛奶。
CET4,journey,'dʒɜːni,n.,旅行；旅程,The journey to the village took three hours.,去村庄的路程花了三小时。
CET4,judge,dʒʌdʒ,n./v.,法官；裁判；判断,Don't judge a book by its cover.,不要以貌取人。
CET4,justice,'dʒʌstɪs,n.,正义；公正；司法,The court works for justice.,法院为正义而工作。
CET4,keen,kiːn,adj.,热心的；敏锐的；渴望的,He is keen on playing basketball.,他热衷于打篮球。
CET4,knowledge,'nɒlɪdʒ,n.,知识；学问,Knowledge is power.,知识就是力量。
CET4,label,'leɪbl,n./v.,标签；贴标签,Read the label before using the medicine.,用药前先看标签。
CET4,labor,'leɪbə,n.,劳动；劳工,The bridge took ten years of labor to build.,这座桥耗时十年建成。
CET4,lack,læk,v./n.,缺乏；不足,The project failed for lack of money.,项目因缺钱而失败。
CET4,landscape,'lændskeɪp,n.,风景；景观,The landscape here is beautiful in autumn.,这里的秋景很美。
CET4,launch,lɔːntʃ,v./n.,发射；发起；推出,The company launched a new product.,公司推出了新产品。
CET4,law,lɔː,n.,法律；规律,Everyone is equal before the law.,法律面前人人平等。
CET6,abstract,'æbstrækt,adj./n.,抽象的；摘要,Beauty is an abstract concept.,美是一个抽象概念。
CET6,abundant,ə'bʌndənt,adj.,丰富的；充裕的,The region has abundant natural resources.,该地区自然资源丰富。
CET6,academic,ˌækə'demɪk,adj.,学术的；学院的,Her academic achievements are outstanding.,她的学术成就很突出。
CET6,accelerate,ək'seləreɪt,v.,加速；促进,Technology accelerates the pace of change.,技术加速了变化的步伐。
CET6,accommodate,ə'kɒmədeɪt,v.,容纳；为……提供住宿；适应,The hotel can accommodate 300 guests.,这家酒店可容纳三百位客人。
CET6,accumulate,ə'kjuːmjəleɪt,v.,积累；积聚,Dust accumulated on the old books.,旧书上积了灰尘。
CET6,acknowledge,ək'nɒlɪdʒ,v.,承认；致谢；确认收到,He acknowledged his mistake at last.,他终于承认了自己的错误。
CET6,acute,ə'kjuːt,adj.,严重的；敏锐的；急性的,There is an acute shortage of water.,水资源严重短缺。
CET6,adhere,əd'hɪə,v.,坚持；遵守；黏附,We must adhere to the rules.,我们必须遵守规则。
CET6,advocate,'ædvəkeɪt,v./n.,提倡；主张；拥护者,Many experts advocate a healthy diet.,许多专家提倡健康饮食。
CET6,aesthetic,iːs'θetɪk,adj.,审美的；美学的,The building has great aesthetic value.,这座建筑有很高的审美价值。
CET6,agenda,ə'dʒendə,n.,议程；日程,The first item on the agenda is finance.,议程第一项是财务。
CET6,alleviate,ə'liːvieɪt,v.,减轻；缓解,The medicine alleviated her pain.,药物缓解了她的疼痛。
CET6,allocate,'æləkeɪt,v.,分配；拨给,The government allocated funds to education.,政府为教育拨款。
CET6,ambiguous,æm'bɪɡjuəs,adj.,模棱两可的；含糊的,His answer was deliberately ambiguous.,他的回答故意含糊其辞。
CET6,amend,ə'mend,v.,修改；修订；改善,The committee amended the plan.,委员会修改了计划。
CET6,analogy,ə'nælədʒi,n.,类比；类推,She explained the idea by analogy with music.,她用音乐作类比解释了这个想法。
CET6,anonymous,ə'nɒnɪməs,adj.,匿名的；无名的,The donation came from an anonymous giver.,捐赠者不愿透露姓名。
CET6,applaud,ə'plɔːd,v.,鼓掌；称赞,The audience applauded the speaker.,观众为演讲者鼓掌。
CET6,appliance,ə'plaɪəns,n.,家用电器；器具,This store sells kitchen appliances.,这家店出售厨房电器。
CET6,appraisal,ə'preɪzl,n.,评估；评价,The manager gave a fair appraisal of my work.,经理对我的工作作了公正评价。
CET6,arbitrary,'ɑːbɪtrəri,adj.,任意的；专断的,The decision seemed completely arbitrary.,这个决定似乎完全随意。
CET6,articulate,ɑː'tɪkjələt,adj./v.,口齿清晰的；清楚表达,She is an articulate speaker.,她讲话口齿伶俐。
CET6,ascend,ə'send,v.,上升；攀登,The plane ascended quickly.,飞机迅速上升。
CET6,ascribe,ə'skraɪb,v.,把……归因于,She ascribed her success to hard work.,她把成功归因于努力。
CET6,assault,ə'sɔːlt,n./v.,袭击；攻击,He was charged with assault.,他被指控袭击。
CET6,assemble,ə'sembl,v.,集合；组装；聚集,The students assembled in the hall.,学生们在大厅集合。
CET6,asset,'æset,n.,资产；宝贵的人或物,Her language skills are a great asset.,她的语言技能是宝贵财富。
CET6,assumption,ə'sʌmpʃn,n.,假设；假定,Your argument rests on a false assumption.,你的论点建立在错误假设上。
CET6,attain,ə'teɪn,v.,达到；获得,She attained her goal through persistence.,她靠坚持实现了目标。
CET6,authentic,ɔː'θentɪk,adj.,真实的；正宗的；可信的,The restaurant serves authentic Sichuan food.,这家餐厅提供正宗川菜。
CET6,autonomy,ɔː'tɒnəmi,n.,自治；自主权,The region enjoys a high degree of autonomy.,该地区享有高度自治。
CET6,bias,'baɪəs,n./v.,偏见；使有偏见,The report shows a clear bias.,这份报告有明显偏见。
CET6,boost,buːst,v./n.,促进；提高；推动,The good news boosted our confidence.,好消息增强了我们的信心。
CET6,bureaucracy,bjʊə'rɒkrəsi,n.,官僚主义；官僚机构,Too much bureaucracy slows progress.,过多的官僚作风拖慢进展。
CET6,cater,'keɪtə,v.,迎合；满足需要；提供饮食,The show caters to young audiences.,这档节目迎合年轻观众。
CET6,census,'sensəs,n.,人口普查；统计,The census is held every ten years.,人口普查每十年进行一次。
CET6,chaos,'keɪɒs,n.,混乱；无序,The city fell into chaos after the storm.,暴风雨后城市陷入混乱。
CET6,chronic,'krɒnɪk,adj.,慢性的；长期的,He suffers from chronic back pain.,他患有慢性背痛。
CET6,circuit,'sɜːkɪt,n.,电路；环形；巡回,A short circuit caused the blackout.,短路导致停电。
CET6,cite,saɪt,v.,引用；引证,The paper cites many recent studies.,论文引用了许多最新研究。
CET6,clarity,'klærəti,n.,清晰；清楚,Clarity of expression matters in writing.,写作中表达清晰很重要。
CET6,cling,klɪŋ,v.,紧抓；依附；坚持,The child clung to her mother's hand.,孩子紧紧抓着妈妈的手。
CET6,coherent,kəʊ'hɪərənt,adj.,连贯的；一致的；有条理的,Write a coherent paragraph on the topic.,围绕主题写一段连贯的文字。
CET6,collaborate,kə'læbəreɪt,v.,合作；协作,The two labs collaborate on research.,两个实验室合作研究。
CET6,commence,kə'mens,v.,开始；着手,The ceremony will commence at nine.,典礼将于九点开始。
CET6,commodity,kə'mɒdəti,n.,商品；日用品,Coffee is a major export commodity.,咖啡是主要的出口商品。
CET6,compensate,'kɒmpenseɪt,v.,补偿；弥补,The company compensated the injured worker.,公司赔偿了受伤的工人。
CET6,competent,'kɒmpɪtənt,adj.,有能力的；胜任的,She is competent in three languages.,她能熟练使用三种语言。
CET6,compile,kəm'paɪl,v.,汇编；编纂；编译,He compiled the data into a report.,他把数据汇编成报告。
CET6,complement,'kɒmplɪment,n./v.,补充；补足,The two skills complement each other.,这两种技能互补。
CET6,comply,kəm'plaɪ,v.,遵从；服从,All staff must comply with safety rules.,所有员工必须遵守安全规定。
CET6,comprehensive,ˌkɒmprɪ'hensɪv,adj.,全面的；综合的,The book gives a comprehensive overview.,这本书作了全面概述。
CET6,compromise,'kɒmprəmaɪz,n./v.,妥协；折中,Both sides reached a compromise.,双方达成了妥协。
CET6,conceive,kən'siːv,v.,构想；设想；怀孕,It is hard to conceive of life without water.,很难想象没有水的生活。
CET6,concession,kən'seʃn,n.,让步；特许权,The company made concessions to the workers.,公司向工人做了让步。
CET6,concrete,'kɒŋkriːt,adj./n.,具体的；混凝土,Give me a concrete example.,给我一个具体例子。
CET6,condemn,kən'dem,v.,谴责；判刑,The public condemned the unfair decision.,公众谴责这个不公平的决定。
CET6,confidential,ˌkɒnfɪ'denʃl,adj.,机密的；保密的,This information is strictly confidential.,这条信息绝密。
CET6,conform,kən'fɔːm,v.,遵守；符合；顺应,Products must conform to safety standards.,产品必须符合安全标准。
CET6,consensus,kən'sensəs,n.,共识；一致意见,The group reached a consensus on the plan.,小组就计划达成共识。
CET6,conserve,kən'sɜːv,v.,保护；节约；保存,We should conserve water in daily life.,日常生活中我们应节约用水。
CET6,constitute,'kɒnstɪtjuːt,v.,构成；组成；设立,Women constitute half of the workforce.,女性占劳动力的一半。
CET6,constrain,kən'streɪn,v.,限制；约束；强迫,Budget cuts constrained the research.,削减预算限制了研究。
CET6,contemplate,'kɒntəmpleɪt,v.,沉思；考虑；凝视,She contemplated moving abroad.,她考虑搬到国外。
CET6,contempt,kən'tempt,n.,轻视；蔑视,He showed contempt for the rules.,他对规则不屑一顾。
CET6,contradict,ˌkɒntrə'dɪkt,v.,反驳；与……矛盾,The two reports contradict each other.,两份报告相互矛盾。
CET6,controversy,'kɒntrəvɜːsi,n.,争议；争论,The policy caused great controversy.,这项政策引发了很大争议。
CET6,conventional,kən'venʃənl,adj.,传统的；常规的,They prefer conventional teaching methods.,他们偏好传统教学法。
CET6,correlate,'kɒrəleɪt,v.,相互关联,Sleep is correlated with memory.,睡眠与记忆相关。
CET6,criterion,kraɪ'tɪəriən,n.,标准；准则,What are the criteria for the award?,评奖标准是什么？
CET6,crucial,'kruːʃl,adj.,至关重要的；关键的,Timing is crucial in this project.,时机对这个项目至关重要。
CET6,cultivate,'kʌltɪveɪt,v.,培养；耕作；陶冶,Reading cultivates the mind.,阅读陶冶心灵。
CET6,cumulative,'kjuːmjələtɪv,adj.,累积的；渐增的,Small changes have a cumulative effect.,小变化会产生累积效应。
CET6,curriculum,kə'rɪkjələm,n.,课程；课程体系,Music is part of the school curriculum.,音乐是学校课程的一部分。
CET6,deceive,dɪ'siːv,v.,欺骗；蒙蔽,Don't be deceived by appearances.,不要被外表欺骗。
CET6,dedicate,'dedɪkeɪt,v.,献身；致力于；题献,He dedicated his life to science.,他毕生致力于科学。
CET6,deficiency,dɪ'fɪʃnsi,n.,缺乏；不足；缺陷,Iron deficiency can cause tiredness.,缺铁会导致疲劳。
CET6,deficit,'defɪsɪt,n.,赤字；亏损；不足,The country has a trade deficit.,该国存在贸易逆差。
CET6,deliberate,dɪ'lɪbərət,adj./v.,故意的；深思熟虑的；仔细考虑,It was a deliberate attempt to mislead.,那是蓄意误导。
CET6,denote,dɪ'nəʊt,v.,表示；意味着,The red sign denotes danger.,红色标志表示危险。
CET6,depict,dɪ'pɪkt,v.,描绘；描述,The painting depicts a country scene.,这幅画描绘了乡村景色。
CET6,deprive,dɪ'praɪv,v.,剥夺；使丧失,The war deprived many children of education.,战争使许多孩子失去教育。
CET6,derive,dɪ'raɪv,v.,获得；源自,She derives pleasure from reading.,她从阅读中获得乐趣。
CET6,descend,dɪ'send,v.,下降；下来；是……的后代,The plane began to descend.,飞机开始下降。
CET6,designate,'dezɪɡneɪt,v.,指定；指派；标明,The area was designated as a nature reserve.,该地区被划为自然保护区。
CET6,deteriorate,dɪ'tɪəriəreɪt,v.,恶化；变坏,His health deteriorated rapidly.,他的健康状况迅速恶化。
CET6,deviate,'diːvieɪt,v.,偏离；背离,Do not deviate from the main topic.,不要偏离主题。
CET6,diagnose,'daɪəɡnəʊz,v.,诊断；判断,The doctor diagnosed the illness early.,医生早期诊断了这种病。
CET6,dilemma,dɪ'lemə,n.,困境；进退两难,She faced a moral dilemma.,她面临道德困境。
CET6,dimension,daɪ'menʃn,n.,方面；尺寸；维度,We must consider the social dimension of the issue.,我们必须考虑这个问题的社会层面。
CET6,diminish,dɪ'mɪnɪʃ,v.,减少；降低；贬低,The pain gradually diminished.,疼痛逐渐减轻。
CET6,disclose,dɪs'kləʊz,v.,披露；泄露,The company refused to disclose its profits.,公司拒绝披露利润。
CET6,discount,'dɪskaʊnt,n./v.,折扣；打折；不重视,Students get a discount on tickets.,学生购票有折扣。
CET6,discrepancy,dɪs'krepənsi,n.,差异；不一致,There is a discrepancy between the two reports.,两份报告有出入。
CET6,dispose,dɪ'spəʊz,v.,处理；处置；使倾向于,Please dispose of the waste properly.,请妥善处理垃圾。
CET6,distort,dɪ'stɔːt,v.,歪曲；扭曲,The report distorted the facts.,报道歪曲了事实。
CET6,distract,dɪ'strækt,v.,分散注意力；使分心,Noise distracts me from study.,噪音让我无法专心学习。
CET6,divert,daɪ'vɜːt,v.,转移；使转向；使娱乐,They diverted the river to water the fields.,他们引河水灌溉农田。
CET6,doctrine,'dɒktrɪn,n.,学说；主义；信条,The doctrine changed the way people think.,这一学说改变了人们的思维方式。
CET6,dominate,'dɒmɪneɪt,v.,支配；统治；占主导,One company dominates the market.,一家公司主导着市场。
CET6,drastic,'dræstɪk,adj.,激烈的；急剧的；严厉的,The government took drastic measures.,政府采取了严厉措施。
CET6,drawback,'drɔːbæk,n.,缺点；不利条件,The main drawback is the high cost.,主要缺点是成本高。
CET6,dubious,'djuːbiəs,adj.,怀疑的；可疑的,I am dubious about the plan.,我对这个计划存疑。
CET6,dynamic,daɪ'næmɪk,adj./n.,动态的；有活力的,The city has a dynamic economy.,这座城市经济充满活力。
CET6,elaborate,ɪ'læbərət,adj./v.,精心制作的；详尽说明,She gave an elaborate explanation.,她作了详尽解释。
CET6,elicit,ɪ'lɪsɪt,v.,引出；探出,The teacher elicited responses from students.,老师引出学生们的回答。
CET6,eligible,'elɪdʒəbl,adj.,有资格的；合格的,Only full-time students are eligible.,只有全日制学生才有资格。
CET6,eliminate,ɪ'lɪmɪneɪt,v.,消除；淘汰,The new system eliminates waste.,新系统消除了浪费。
CET6,embark,ɪm'bɑːk,v.,开始；着手；登船,She embarked on a new career.,她开始了新职业。
CET6,empirical,ɪm'pɪrɪkl,adj.,以实验为依据的；经验的,The theory needs empirical support.,该理论需要实证支持。
CET6,endorse,ɪn'dɔːs,v.,赞同；支持；背书,The mayor endorsed the new policy.,市长支持新政策。
CET6,enhance,ɪn'hɑːns,v.,提高；增强,Music can enhance learning.,音乐能促进学习。
CET6,enroll,ɪn'rəʊl,v.,注册；报名；招收,She enrolled in an English course.,她报名参加了英语课程。
CET6,entitle,ɪn'taɪtl,v.,使有权；给……命名,This ticket entitles you to a free drink.,凭此票可免费获得一杯饮料。
CET6,episode,'epɪsəʊd,n.,一集；一段经历；插曲,I watched the final episode last night.,我昨晚看了最后一集。
CET6,equilibrium,ˌiːkwɪ'lɪbriəm,n.,平衡；均衡,The market reached a new equilibrium.,市场达到新的均衡。
CET6,equivalent,ɪ'kwɪvələnt,adj./n.,相等的；等价物,One dollar is equivalent to about seven yuan.,一美元约等于七元人民币。
CET6,erode,ɪ'rəʊd,v.,侵蚀；腐蚀；削弱,Wind and water erode the rocks.,风和水侵蚀岩石。
CET6,escalate,'eskəleɪt,v.,升级；加剧,The conflict escalated into war.,冲突升级为战争。
CET6,establish,ɪ'stæblɪʃ,v.,建立；确立；证实,The university was established in 1905.,这所大学成立于 1905 年。
CET6,estate,ɪ'steɪt,n.,房地产；庄园；遗产,He works in the real estate business.,他从事房地产业。
CET6,ethnic,'eθnɪk,adj.,民族的；种族的,The city is home to many ethnic groups.,这座城市生活着许多民族。
CET6,evoke,ɪ'vəʊk,v.,唤起；引起,The song evoked childhood memories.,这首歌唤起童年回忆。
CET6,exaggerate,ɪɡ'zædʒəreɪt,v.,夸大；夸张,Don't exaggerate the difficulties.,不要夸大困难。
CET6,exclude,ɪk'skluːd,v.,排除；不包括,The price excludes delivery.,价格不含运费。
CET6,exclusive,ɪk'skluːsɪv,adj.,独家的；专用的；排他的,The hotel offers exclusive services.,这家酒店提供专属服务。
CET6,execute,'eksɪkjuːt,v.,执行；实施；处决,The plan was executed perfectly.,计划执行得很完美。
CET6,exert,ɪɡ'zɜːt,v.,施加；运用,He exerted great pressure on the team.,他给团队施加了很大压力。
CET6,exhaust,ɪɡ'zɔːst,v./n.,使筋疲力尽；耗尽；废气,The long trip exhausted us.,长途旅行使我们筋疲力尽。
CET6,explicit,ɪk'splɪsɪt,adj.,明确的；直率的,The instructions are explicit.,说明很明确。
CET6,exploit,ɪk'splɔɪt,v.,利用；剥削；开发,We should exploit solar energy.,我们应开发利用太阳能。
CET6,expose,ɪk'spəʊz,v.,暴露；揭露；使接触,Don't expose the film to light.,不要让胶片见光。
CET6,extinct,ɪk'stɪŋkt,adj.,灭绝的；绝种的,Many species are in danger of becoming extinct.,许多物种面临灭绝。
CET6,extract,ɪk'strækt,v./n.,提取；摘录,The factory extracts oil from seeds.,工厂从种子中榨油。
CET6,facilitate,fə'sɪlɪteɪt,v.,促进；使便利,The new road facilitates trade.,新公路促进了贸易。
CET6,feasible,'fiːzəbl,adj.,可行的；行得通的,The plan is technically feasible.,该计划技术上可行。
CET6,fluctuate,'flʌktʃueɪt,v.,波动；起伏,Prices fluctuate with the season.,价格随季节波动。
CET6,forecast,'fɔːkɑːst,n./v.,预报；预测,The weather forecast says it will rain.,天气预报说会下雨。
CET6,formulate,'fɔːmjuleɪt,v.,制定；阐述；构想,The team formulated a new strategy.,团队制定了新战略。
CET6,foster,'fɒstə,v.,培养；促进；收养,Good habits foster success.,好习惯促进成功。
CET6,framework,'freɪmwɜːk,n.,框架；结构；体系,The report provides a framework for discussion.,报告为讨论提供了框架。
CET6,fundamental,ˌfʌndə'mentl,adj.,基本的；根本的,Freedom is a fundamental right.,自由是基本权利。
CET6,hazard,'hæzəd,n./v.,危险；危害,Smoking is a hazard to health.,吸烟危害健康。
CET6,highlight,'haɪlaɪt,v./n.,突出；强调；亮点,The report highlights the main problems.,报告突出了主要问题。
CET6,hypothesis,haɪ'pɒθəsɪs,n.,假说；假设,The experiment tested the hypothesis.,实验检验了该假说。
CET6,ideology,ˌaɪdi'ɒlədʒi,n.,意识形态；思想体系,The two parties hold different ideologies.,两党意识形态不同。
CET6,illuminate,ɪ'luːmɪneɪt,v.,照亮；阐明,The lamps illuminate the whole square.,灯光照亮整个广场。
CET6,immerse,ɪ'mɜːs,v.,沉浸；使沉浸于,She immersed herself in the novel.,她沉浸在小说中。
CET6,immune,ɪ'mjuːn,adj.,免疫的；不受影响的,Exercise strengthens the immune system.,锻炼增强免疫系统。
CET6,implement,'ɪmplɪment,v./n.,实施；执行；工具,The school implemented the new policy.,学校实施了新政策。
CET6,implication,ˌɪmplɪ'keɪʃn,n.,含义；暗示；影响,The discovery has wide implications.,这一发现意义深远。
CET6,impose,ɪm'pəʊz,v.,强加；征收,The government imposed a new tax.,政府征收了新税。
CET6,incentive,ɪn'sentɪv,n.,激励；刺激；奖励,Bonuses are a strong incentive for workers.,奖金对工人是强有力的激励。
CET6,incline,ɪn'klaɪn,v.,倾向于；倾斜,I incline to the view that he is right.,我倾向于认为他是对的。
CET6,indispensable,ˌɪndɪ'spensəbl,adj.,不可缺少的；必需的,Water is indispensable to life.,水是生命不可缺少的。
CET6,induce,ɪn'djuːs,v.,诱导；引起；劝使,The medicine may induce sleep.,这种药可能引起困倦。
CET6,inevitable,ɪn'evɪtəbl,adj.,不可避免的,Change is inevitable.,变化是不可避免的。
CET6,infer,ɪn'fɜː,v.,推断；推论,We can infer his mood from his face.,我们可以从他的表情推断他的心情。
CET6,inherent,ɪn'hɪərənt,adj.,固有的；内在的,Risk is inherent in the job.,这份工作固有风险。
CET6,initiate,ɪ'nɪʃieɪt,v.,开始；发起；使入门,The city initiated a recycling program.,该市启动了回收计划。
CET6,innovation,ˌɪnə'veɪʃn,n.,创新；革新,Innovation drives economic growth.,创新推动经济增长。
CET6,inspire,ɪn'spaɪə,v.,鼓舞；启发,His speech inspired the students.,他的演讲鼓舞了学生。
CET6,integrate,'ɪntɪɡreɪt,v.,整合；使结合,The app integrates many services.,这款应用整合了许多服务。
CET6,intact,ɪn'tækt,adj.,完整无缺的；未受损伤的,The ancient vase remains intact.,古花瓶完好无损。
CET6,integral,'ɪntɪɡrəl,adj.,不可或缺的；完整的,Trust is integral to friendship.,信任是友谊不可或缺的部分。
CET6,intense,ɪn'tens,adj.,强烈的；紧张的；剧烈的,The heat was intense in summer.,夏天酷热难耐。
CET6,intervene,ˌɪntə'viːn,v.,干预；介入；调停,The teacher intervened in the argument.,老师介入调解了争论。
CET6,intricate,'ɪntrɪkət,adj.,错综复杂的；精细的,The watch has an intricate design.,这块表设计精巧。
CET6,intuition,ˌɪntju'ɪʃn,n.,直觉；直觉力,Her intuition told her something was wrong.,直觉告诉她出问题了。
CET6,invaluable,ɪn'væljuəbl,adj.,极宝贵的；无价的,Her advice was invaluable to me.,她的建议对我极其宝贵。
CET6,justify,'dʒʌstɪfaɪ,v.,证明……正当；为……辩护,Nothing can justify such behavior.,任何理由都不能为这种行为开脱。
CET6,legislation,ˌledʒɪs'leɪʃn,n.,立法；法律；法规,New legislation protects consumer rights.,新法规保护消费者权益。
CET6,legitimate,lɪ'dʒɪtɪmət,adj.,合法的；正当的,He has a legitimate reason for being late.,他迟到有正当理由。
CET6,liable,'laɪəbl,adj.,可能受……影响的；负有责任的,"Without a ticket, you are liable to a fine.",没有票，你可能被罚款。
CET6,liberal,'lɪbərəl,adj.,开明的；自由的；慷慨的,She holds liberal views on education.,她对教育持开明观点。
CET6,literacy,'lɪtərəsi,n.,读写能力；文化水平,The program improves adult literacy.,该项目提高成人读写能力。
CET6,magnitude,'mæɡnɪtjuːd,n.,巨大；重要性；震级,They did not realize the magnitude of the problem.,他们没有意识到问题的严重性。
CET6,mandatory,'mændətəri,adj.,强制的；法定的,Vaccination is mandatory for the trip.,旅行必须接种疫苗。
CET6,manifest,'mænɪfest,adj./v.,明显的；显示；表明,The symptoms manifested themselves quickly.,症状很快显现出来。
CET6,manipulate,mə'nɪpjuleɪt,v.,操纵；控制；操作,The ad tries to manipulate consumers.,这则广告试图操纵消费者。
CET6,mediate,'miːdieɪt,v.,调解；斡旋,A counselor mediated between the two sides.,辅导员在双方之间调解。
CET6,migrate,maɪ'ɡreɪt,v.,迁移；移居；迁徙,Birds migrate south in winter.,鸟类冬天迁徙到南方。
CET6,minimum,'mɪnɪməm,n./adj.,最小值；最低的,The minimum age for the job is eighteen.,这份工作的最低年龄是十八岁。
CET6,modify,'mɒdɪfaɪ,v.,修改；调整；缓和,We modified the design to cut costs.,我们修改了设计以降低成本。
CET6,momentum,mə'mentəm,n.,势头；动量；冲力,The campaign is gaining momentum.,这场运动势头正盛。
CET6,monitor,'mɒnɪtə,v./n.,监测；监控；显示器,Doctors monitored the patient all night.,医生整夜监测病人情况。
CET6,monopoly,mə'nɒpəli,n.,垄断；专卖,The company holds a monopoly in the market.,这家公司垄断了市场。
CET6,notion,'nəʊʃn,n.,概念；观念；看法,He rejects the notion that money brings happiness.,他否定金钱带来幸福的观点。
CET6,obscure,əb'skjʊə,adj./v.,模糊的；晦涩的；使模糊,The origin of the custom is obscure.,这一习俗的起源不明。
CET6,obstacle,'ɒbstəkl,n.,障碍；妨碍,Fear is the biggest obstacle to progress.,恐惧是进步的最大障碍。
CET6,optimistic,ˌɒptɪ'mɪstɪk,adj.,乐观的,She remains optimistic about the future.,她对未来保持乐观。
CET6,orientation,ˌɔːriən'teɪʃn,n.,方向；定位；迎新活动,New students attended an orientation session.,新生参加了入学说明会。
CET6,overall,ˌəʊvər'ɔːl,adj./adv.,总体的；全面的；总体上,The overall quality is excellent.,总体质量非常好。
CET6,paradox,'pærədɒks,n.,悖论；自相矛盾的事,It is a paradox that more choice can mean less freedom.,更多选择可能意味着更少自由，这是个悖论。
CET6,participate,pɑː'tɪsɪpeɪt,v.,参加；参与,Students actively participate in class.,学生积极参与课堂。
CET6,perceive,pə'siːv,v.,感知；察觉；认为,We perceive the world through our senses.,我们通过感官感知世界。
CET6,persistent,pə'sɪstənt,adj.,坚持不懈的；持续的,Her persistent efforts finally paid off.,她坚持不懈的努力终于有了回报。
CET6,perspective,pə'spektɪv,n.,视角；观点；透视,Try to see the problem from another perspective.,试着从另一个角度看问题。
CET6,phenomenon,fə'nɒmɪnən,n.,现象,The phenomenon is common in big cities.,这种现象在大城市很常见。
CET6,plausible,'plɔːzəbl,adj.,貌似合理的；似乎可信的,His explanation sounds plausible.,他的解释听起来似乎合理。
CET6,pledge,pledʒ,v./n.,保证；誓言；承诺,They pledged to protect the forest.,他们承诺保护森林。
CET6,portion,'pɔːʃn,n.,部分；一份,A large portion of the budget went to education.,预算的很大一部分用于教育。
CET6,precede,prɪ'siːd,v.,先于；在……之前,A brief speech preceded the show.,演出前有一段简短致辞。
CET6,precise,prɪ'saɪs,adj.,精确的；准确的,Please give precise figures.,请给出准确数字。
CET6,predominant,prɪ'dɒmɪnənt,adj.,主要的；占主导地位的,English is the predominant language here.,英语在这里占主导地位。
CET6,preliminary,prɪ'lɪmɪnəri,adj.,初步的；预备的,The preliminary results are encouraging.,初步结果令人鼓舞。
CET6,presume,prɪ'zjuːm,v.,假定；推测,I presume you have heard the news.,我猜你已经听说这个消息了。
CET6,prevail,prɪ'veɪl,v.,盛行；占上风；获胜,Justice will prevail in the end.,正义终将获胜。
CET6,priority,praɪ'ɒrəti,n.,优先事项；优先权,Health should be your top priority.,健康应是你最优先考虑的事。
CET6,probe,prəʊb,v./n.,探查；调查；探针,Scientists probed the ocean depths.,科学家探查了海洋深处。
CET6,proclaim,prə'kleɪm,v.,宣告；声明,The country proclaimed its independence.,该国宣布独立。
CET6,proficiency,prə'fɪʃnsi,n.,熟练；精通,The test measures proficiency in English.,这项考试测试英语熟练程度。
CET6,profound,prə'faʊnd,adj.,深刻的；深远的,The book had a profound influence on me.,这本书对我影响深远。
CET6,prominent,'prɒmɪnənt,adj.,突出的；杰出的；显著的,She is a prominent scientist.,她是杰出的科学家。
CET6,prone,prəʊn,adj.,易于……的；倾向于,He is prone to making careless mistakes.,他容易犯粗心的错误。
CET6,proportion,prə'pɔːʃn,n.,比例；部分,A large proportion of students walk to school.,很大比例的学生步行上学。
CET6,prospect,'prɒspekt,n.,前景；可能性,The job offers good career prospects.,这份工作职业前景很好。
CET6,prosperity,prɒ'sperəti,n.,繁荣；兴旺,Peace brings prosperity to the nation.,和平给国家带来繁荣。
CET6,provoke,prə'vəʊk,v.,激怒；激起；引发,The decision provoked strong criticism.,这个决定引发了强烈批评。
CET6,quest,kwest,n.,追求；探索,He is on a quest for knowledge.,他在求知路上不断探索。
CET6,quote,kwəʊt,v./n.,引用；报价；引文,She quoted a line from the poem.,她引用了诗中的一行。
CET6,rational,'ræʃnəl,adj.,理性的；合理的,Try to make a rational decision.,试着做出理性决定。
CET6,rebel,rɪ'bel,v./n.,反抗；叛逆者,The workers rebelled against the cuts.,工人反抗削减。
CET6,reconcile,'rekənsaɪl,v.,调和；和解；使一致,It is hard to reconcile work and family.,很难兼顾工作与家庭。
CET6,reinforce,ˌriːɪn'fɔːs,v.,加强；强化,The bridge was reinforced with steel.,桥梁用钢材加固。
CET6,reliable,rɪ'laɪəbl,adj.,可靠的；可信赖的,He is a reliable friend.,他是可靠的朋友。
CET6,reluctant,rɪ'lʌktənt,adj.,不情愿的；勉强的,She was reluctant to leave home.,她不愿离开家。
CET6,render,'rendə,v.,使成为；提供；表达,The illness rendered him unable to work.,疾病使他无法工作。
CET6,repel,rɪ'pel,v.,击退；抵制；使厌恶,The army repelled the attack.,军队击退了进攻。
CET6,resent,rɪ'zent,v.,怨恨；愤恨,He resented being treated like a child.,他讨厌被当作孩子对待。
CET6,reserve,rɪ'zɜːv,v./n.,预订；保留；储备,Please reserve a table for two.,请预订一张两人桌。
CET6,resign,rɪ'zaɪn,v.,辞职；放弃,She resigned from the company.,她从公司辞职。
CET6,resolve,rɪ'zɒlv,v./n.,解决；决心,We must resolve the conflict peacefully.,我们必须和平解决冲突。
CET6,retain,rɪ'teɪn,v.,保留；保持；记住,The old building retains its charm.,老建筑保持着魅力。
CET6,reveal,rɪ'viːl,v.,揭示；透露；显露,The survey revealed surprising results.,调查揭示了令人惊讶的结果。
CET6,reverse,rɪ'vɜːs,v./n./adj.,颠倒；逆转；相反的,The decision was later reversed.,该决定后来被推翻。
CET6,revive,rɪ'vaɪv,v.,复兴；复苏；使苏醒,The old tradition was revived.,旧传统得到复兴。
CET6,rigid,'rɪdʒɪd,adj.,僵硬的；严格的；固执的,The rules are too rigid.,规则太死板。
CET6,robust,rəʊ'bʌst,adj.,强健的；稳健的；坚固的,The economy remains robust.,经济依然稳健。
CET6,routine,ruː'tiːn,n./adj.,常规；日常事务；例行的,Exercise should be part of your routine.,锻炼应成为日常安排的一部分。
CET6,sacrifice,'sækrɪfaɪs,v./n.,牺牲；献出,She sacrificed her weekends to study.,她牺牲周末来学习。
CET6,scrutiny,'skruːtəni,n.,仔细审查；监督,The plan came under public scrutiny.,该计划受到公众审查。
CET6,sector,'sektə,n.,部门；行业；部分,The technology sector is growing fast.,科技行业增长迅速。
CET6,severe,sɪ'vɪə,adj.,严重的；严厉的；剧烈的,The storm caused severe damage.,暴风雨造成严重破坏。
CET6,simulate,'sɪmjuleɪt,v.,模拟；仿真,The software simulates real traffic.,该软件模拟真实交通。
CET6,simultaneous,ˌsɪml'teɪniəs,adj.,同时的；同步的,The two events were simultaneous.,两个事件同时发生。
CET6,skeptical,'skeptɪkl,adj.,怀疑的；持怀疑态度的,Scientists remain skeptical of the claim.,科学家对该说法持怀疑态度。
CET6,solidarity,ˌsɒlɪ'dærəti,n.,团结；一致,The workers showed solidarity.,工人们表现出团结。
CET6,sophisticated,sə'fɪstɪkeɪtɪd,adj.,复杂的；精密的；老练的,The device uses sophisticated technology.,该设备使用精密技术。
CET6,spontaneous,spɒn'teɪniəs,adj.,自发的；自然的,The crowd burst into spontaneous applause.,人群自发鼓起掌来。
CET6,stability,stə'bɪləti,n.,稳定；稳定性,The region enjoys political stability.,该地区政局稳定。
CET6,stereotype,'steriətaɪp,n.,刻板印象；成见,The ad reinforces old stereotypes.,这则广告强化了旧刻板印象。
CET6,stimulate,'stɪmjuleɪt,v.,刺激；激励；促进,Reading stimulates the imagination.,阅读激发想象力。
CET6,strive,straɪv,v.,努力；奋斗；力争,We strive for excellence.,我们追求卓越。
CET6,subordinate,sə'bɔːdɪnət,adj./n.,从属的；下级,"In a team, everyone has subordinate tasks.",团队中每个人都有从属任务。
CET6,subsequent,'sʌbsɪkwənt,adj.,随后的；后来的,Subsequent events proved him right.,随后发生的事证明他是对的。
CET6,subsidy,'sʌbsədi,n.,补贴；补助金,Farmers receive subsidies from the state.,农民获得国家补贴。
CET6,substitute,'sʌbstɪtjuːt,n./v.,替代品；代替,Honey can substitute for sugar.,蜂蜜可以代替糖。
CET6,superficial,ˌsuːpə'fɪʃl,adj.,表面的；肤浅的,The book gives only a superficial account.,这本书只作了肤浅的叙述。
CET6,supplement,'sʌplɪment,n./v.,补充；增补；补充物,The article supplements the report.,这篇文章补充了报告。
CET6,suppress,sə'pres,v.,压制；抑制；镇压,She suppressed a smile.,她忍住没笑。
CET6,surrender,sə'rendə,v./n.,投降；放弃；交出,The enemy finally surrendered.,敌人终于投降。
CET6,sustain,sə'steɪn,v.,维持；支撑；遭受,The soil cannot sustain more crops.,这块土地无法再供养更多庄稼。
CET6,tempt,tempt,v.,诱惑；吸引,The cake tempted me to eat more.,蛋糕诱使我多吃。
CET6,tentative,'tentətɪv,adj.,试探性的；暂定的,We made a tentative plan for June.,我们为六月制定了暂定计划。
CET6,tolerate,'tɒləreɪt,v.,容忍；忍受；容许,The school does not tolerate cheating.,学校不容忍作弊。
CET6,transaction,træn'zækʃn,n.,交易；业务,The transaction was completed online.,交易在网上完成。
CET6,transcend,træn'send,v.,超越；超出,Music transcends language barriers.,音乐超越语言障碍。
CET6,transfer,træns'fɜː,v./n.,转移；调动；换乘,Please transfer the money to my account.,请把钱转到我的账户。
CET6,transform,træns'fɔːm,v.,使改变；改造；转换,Technology transformed our lives.,技术改变了我们的生活。
CET6,transmit,trænz'mɪt,v.,传送；传播；传导,The disease is transmitted by mosquitoes.,这种病由蚊子传播。
CET6,trigger,'trɪɡə,v./n.,引发；触发；扳机,The news triggered a wave of panic.,这消息引发一阵恐慌。
CET6,underestimate,ˌʌndər'estɪmeɪt,v.,低估；轻视,Don't underestimate the power of habit.,不要低估习惯的力量。
CET6,undergo,ˌʌndə'ɡəʊ,v.,经历；经受,The city is undergoing rapid change.,这座城市正在经历快速变化。
CET6,undermine,ˌʌndə'maɪn,v.,逐渐削弱；损害,Rumors undermined her confidence.,谣言削弱了她的信心。
CET6,undertake,ˌʌndə'teɪk,v.,承担；从事；承诺,She undertook the difficult task.,她承担了这项艰巨任务。
CET6,utilize,'juːtəlaɪz,v.,利用；使用,We should utilize every minute.,我们应利用好每一分钟。
CET6,valid,'vælɪd,adj.,有效的；合理的；有根据的,Your passport is valid for five years.,你的护照有效期为五年。
CET6,vanish,'vænɪʃ,v.,消失；突然不见,The ship vanished in the fog.,船在雾中消失。
CET6,venture,'ventʃə,n./v.,冒险；风险投资；敢于去,The joint venture succeeded.,合资企业成功了。
CET6,verify,'verɪfaɪ,v.,核实；证明,Please verify your email address.,请核实你的电子邮箱。
CET6,versatile,'vɜːsətaɪl,adj.,多才多艺的；多用途的,She is a versatile actor.,她是多才多艺的演员。
CET6,viable,'vaɪəbl,adj.,可行的；能存活的,The proposal is economically viable.,该提议在经济上可行。
CET6,vigorous,'vɪɡərəs,adj.,充满活力的；有力的；强健的,He took vigorous exercise every day.,他每天进行剧烈锻炼。
CET6,vulnerable,'vʌlnərəbl,adj.,脆弱的；易受伤害的,Children are vulnerable to online risks.,儿童容易受到网络风险伤害。
CET6,warrant,'wɒrənt,v./n.,使有必要；证明正当；授权令,The situation warrants immediate action.,情况需要立即行动。
CET6,withdraw,wɪð'drɔː,v.,撤回；取款；退出,She withdrew money from the bank.,她从银行取款。
CET6,yield,jiːld,v./n.,产生；屈服；产量,The research yielded useful results.,研究产生了有用的成果。
CET6,zeal,ziːl,n.,热情；热忱,She worked with great zeal.,她满怀热情地工作。
